Location,Occupancy
JEAP,60.0216
JGAR,70.77499999999999
BSEA,39.644
BSLS,34.892
BSGA,62.02479999999999
BG56,56.594699999999996
BG23,39.463
BHEA,20.575
INFO,100
timestamp,2026-06-10 11:18:00
